status,"time slot start","time slot end","active status","active status class","transaction id",issue,recommendation,prescription
"This session has been created by Michelle Njuguna and it has not been booked.","2023-09-14 14:00:00","2023-09-14 16:50:20","yet to be booked",notAssigned,,,,
"This session has been created by Michelle Njuguna and it has not been booked.","2023-10-02 14:00:00","2023-10-02 16:00:00","yet to be booked",notAssigned,,,,
"This session has been created by Michelle Njuguna and it has not been booked.","2023-10-03 08:50:00","2023-10-03 10:00:00","yet to be booked",notAssigned,,,,
"This session has been created by Ace Kamau and it has not been booked.","2023-09-15 08:30:00","2023-09-15 10:00:00","yet to be booked",notAssigned,,,,
"This session has been created by Ace Kamau and it has not been booked.","2023-09-15 10:00:23","2023-09-15 11:15:00","yet to be booked",notAssigned,,,,
"This session has been created by Ace Kamau and it has not been booked.","2023-10-05 08:50:10","2023-10-05 10:50:20","yet to be booked",notAssigned,,,,
"This session has been created by Ace Kamau and it has not been booked.","2023-10-05 15:50:42","2023-10-05 17:51:00","yet to be booked",notAssigned,,,,
"This session has been created by Ace Kamau and it has not been booked.","2023-09-15 17:00:50","2023-09-15 18:00:00","yet to be booked",notAssigned,,,,
"This session has been created by Doreen  and it has not been booked.","2023-09-14 08:08:08","2023-09-14 10:08:16","yet to be booked",notAssigned,,,,
"This session has been created by Doreen  and it has not been booked.","2023-09-14 11:00:30","2023-09-14 11:30:40","yet to be booked",notAssigned,,,,
